[
{
  "model": "api.user",
  "pk": "4b9ccd0b-b4b2-4d6b-8bd2-7a985c5ff6ec",
  "fields": {
    "first_name": "Nikhil",
    "last_name": "Nikhil",
    "email": "nikhil.061202@gmail.com",
    "phone": "+919980316807",
    "created_at": "2026-07-19T12:50:20.186Z"
  }
},
{
  "model": "api.user",
  "pk": "71e3ddd8-39a9-484f-992a-3d825615a72c",
  "fields": {
    "first_name": "Jackson",
    "last_name": "Jackson",
    "email": "jacksoncoco29@gmail.com",
    "phone": "+919692166127",
    "created_at": "2026-07-19T12:49:50.464Z"
  }
},
{
  "model": "api.user",
  "pk": "73e0a8bc-24f7-4ea9-bcec-7fbb7bcc8362",
  "fields": {
    "first_name": "Aman",
    "last_name": "Agarwal",
    "email": "agaman926@gmail.com",
    "phone": "+919193755335",
    "created_at": "2026-07-19T12:53:07.128Z"
  }
},
{
  "model": "api.user",
  "pk": "abc5861b-fb53-4562-89e3-1a2ca6ad57df",
  "fields": {
    "first_name": "Abhay",
    "last_name": "Banda",
    "email": "bandaabhay@gmail.com",
    "phone": "+919299951101",
    "created_at": "2026-07-19T12:52:38.951Z"
  }
},
{
  "model": "api.user",
  "pk": "cac625e2-8087-4b80-9aa4-d110667d94aa",
  "fields": {
    "first_name": "Swati",
    "last_name": "Bohidar",
    "email": "swati.bohidar.5@gmail.com",
    "phone": "+918457047326",
    "created_at": "2026-07-19T12:52:15.240Z"
  }
},
{
  "model": "api.workspace",
  "pk": "0541315e-d723-43ff-b3fd-2f4daf0c35ae",
  "fields": {
    "name": "Aman's Marketing Workspace",
    "owner": "73e0a8bc-24f7-4ea9-bcec-7fbb7bcc8362",
    "is_active": true,
    "created_at": "2026-07-19T16:12:42.248Z"
  }
},
{
  "model": "api.workspace",
  "pk": "101ae55e-5820-4cc2-a779-6bcd557187af",
  "fields": {
    "name": "Jackson's Engineering Workspace",
    "owner": "71e3ddd8-39a9-484f-992a-3d825615a72c",
    "is_active": true,
    "created_at": "2026-07-19T16:11:36.081Z"
  }
},
{
  "model": "api.workspace",
  "pk": "15ba973e-f99a-4e08-94da-9cf20e60307c",
  "fields": {
    "name": "Abhay's Research Workspace",
    "owner": "abc5861b-fb53-4562-89e3-1a2ca6ad57df",
    "is_active": true,
    "created_at": "2026-07-19T16:12:03.018Z"
  }
},
{
  "model": "api.workspace",
  "pk": "1df59abc-6a4d-4d51-9a29-4beedfa8991c",
  "fields": {
    "name": "Abhay's Marketing Workspace",
    "owner": "abc5861b-fb53-4562-89e3-1a2ca6ad57df",
    "is_active": true,
    "created_at": "2026-07-19T16:12:00.955Z"
  }
},
{
  "model": "api.workspace",
  "pk": "4173b432-966b-4618-8ba8-94c047ad55a6",
  "fields": {
    "name": "Aman's Design Workspace",
    "owner": "73e0a8bc-24f7-4ea9-bcec-7fbb7bcc8362",
    "is_active": true,
    "created_at": "2026-07-19T16:12:40.178Z"
  }
},
{
  "model": "api.workspace",
  "pk": "49dd2c82-3b4c-45c9-856e-0b7b3c9d6964",
  "fields": {
    "name": "Abhay's Design Workspace",
    "owner": "abc5861b-fb53-4562-89e3-1a2ca6ad57df",
    "is_active": true,
    "created_at": "2026-07-19T16:11:58.917Z"
  }
},
{
  "model": "api.workspace",
  "pk": "4c1d444c-fbc1-4d4a-a7ac-6f946cd3fe24",
  "fields": {
    "name": "Swati's Engineering Workspace",
    "owner": "cac625e2-8087-4b80-9aa4-d110667d94aa",
    "is_active": true,
    "created_at": "2026-07-19T16:12:17.494Z"
  }
},
{
  "model": "api.workspace",
  "pk": "5b5a1946-8b7e-4e65-9300-9c4f9ca8bb3d",
  "fields": {
    "name": "Nikhil's Design Workspace",
    "owner": "4b9ccd0b-b4b2-4d6b-8bd2-7a985c5ff6ec",
    "is_active": true,
    "created_at": "2026-07-19T16:11:17.436Z"
  }
},
{
  "model": "api.workspace",
  "pk": "6318211e-35cc-474c-af1b-07519e807b36",
  "fields": {
    "name": "Swati's Design Workspace",
    "owner": "cac625e2-8087-4b80-9aa4-d110667d94aa",
    "is_active": true,
    "created_at": "2026-07-19T16:12:19.553Z"
  }
},
{
  "model": "api.workspace",
  "pk": "8257ba39-fc0a-4c0f-bda2-fed950d6805f",
  "fields": {
    "name": "Aman's Research Workspace",
    "owner": "73e0a8bc-24f7-4ea9-bcec-7fbb7bcc8362",
    "is_active": true,
    "created_at": "2026-07-19T16:12:44.326Z"
  }
},
{
  "model": "api.workspace",
  "pk": "87889338-4d49-4850-8afc-3e42e7c965d8",
  "fields": {
    "name": "Nikhil's Operations Workspace",
    "owner": "4b9ccd0b-b4b2-4d6b-8bd2-7a985c5ff6ec",
    "is_active": true,
    "created_at": "2026-07-19T16:11:23.635Z"
  }
},
{
  "model": "api.workspace",
  "pk": "92df54c1-f132-4ee2-9684-8225c10c53d3",
  "fields": {
    "name": "Aman's Operations Workspace",
    "owner": "73e0a8bc-24f7-4ea9-bcec-7fbb7bcc8362",
    "is_active": true,
    "created_at": "2026-07-19T16:12:46.392Z"
  }
},
{
  "model": "api.workspace",
  "pk": "985965aa-3945-4f11-abe5-c6897ec4ad75",
  "fields": {
    "name": "Jackson's Operations Workspace",
    "owner": "71e3ddd8-39a9-484f-992a-3d825615a72c",
    "is_active": true,
    "created_at": "2026-07-19T16:11:44.330Z"
  }
},
{
  "model": "api.workspace",
  "pk": "9ed81d6d-2152-42d7-921f-26e7ac7512bd",
  "fields": {
    "name": "Abhay's Operations Workspace",
    "owner": "abc5861b-fb53-4562-89e3-1a2ca6ad57df",
    "is_active": true,
    "created_at": "2026-07-19T16:12:05.072Z"
  }
},
{
  "model": "api.workspace",
  "pk": "a373412c-aace-45b1-86b2-c309e6b5aaa2",
  "fields": {
    "name": "Jackson's Marketing Workspace",
    "owner": "71e3ddd8-39a9-484f-992a-3d825615a72c",
    "is_active": true,
    "created_at": "2026-07-19T16:11:40.202Z"
  }
},
{
  "model": "api.workspace",
  "pk": "a38017aa-774b-47dc-bd02-6a1c1b63b593",
  "fields": {
    "name": "Swati's Research Workspace",
    "owner": "cac625e2-8087-4b80-9aa4-d110667d94aa",
    "is_active": true,
    "created_at": "2026-07-19T16:12:23.676Z"
  }
},
{
  "model": "api.workspace",
  "pk": "b16309ee-30bc-4553-a54f-a9230c51399e",
  "fields": {
    "name": "Jackson's Design Workspace",
    "owner": "71e3ddd8-39a9-484f-992a-3d825615a72c",
    "is_active": true,
    "created_at": "2026-07-19T16:11:38.148Z"
  }
},
{
  "model": "api.workspace",
  "pk": "b322365e-fdb1-4fcb-b7b7-757ba9334bdd",
  "fields": {
    "name": "Nikhil's Engineering Workspace",
    "owner": "4b9ccd0b-b4b2-4d6b-8bd2-7a985c5ff6ec",
    "is_active": true,
    "created_at": "2026-07-19T16:11:15.368Z"
  }
},
{
  "model": "api.workspace",
  "pk": "b8eb5869-78ab-47db-89cd-1b9c57ca37eb",
  "fields": {
    "name": "Swati's Operations Workspace",
    "owner": "cac625e2-8087-4b80-9aa4-d110667d94aa",
    "is_active": true,
    "created_at": "2026-07-19T16:12:25.743Z"
  }
},
{
  "model": "api.workspace",
  "pk": "d388b16c-4cc4-4ad3-8679-9f4a7384a179",
  "fields": {
    "name": "Swati's Marketing Workspace",
    "owner": "cac625e2-8087-4b80-9aa4-d110667d94aa",
    "is_active": true,
    "created_at": "2026-07-19T16:12:21.627Z"
  }
},
{
  "model": "api.workspace",
  "pk": "da84b6e5-ecb0-405d-a314-232234c1ec9d",
  "fields": {
    "name": "Jackson's Research Workspace",
    "owner": "71e3ddd8-39a9-484f-992a-3d825615a72c",
    "is_active": true,
    "created_at": "2026-07-19T16:11:42.269Z"
  }
},
{
  "model": "api.workspace",
  "pk": "db033029-e7c3-4374-af79-5c905bea151b",
  "fields": {
    "name": "Nikhil's Research Workspace",
    "owner": "4b9ccd0b-b4b2-4d6b-8bd2-7a985c5ff6ec",
    "is_active": true,
    "created_at": "2026-07-19T16:11:21.555Z"
  }
},
{
  "model": "api.workspace",
  "pk": "e14f63fe-1d02-4560-86ed-97c66205b6b1",
  "fields": {
    "name": "Aman's Engineering Workspace",
    "owner": "73e0a8bc-24f7-4ea9-bcec-7fbb7bcc8362",
    "is_active": true,
    "created_at": "2026-07-19T16:12:38.118Z"
  }
},
{
  "model": "api.workspace",
  "pk": "e9c46608-affd-454f-851c-6d6dcfe7f6b9",
  "fields": {
    "name": "Nikhil's Marketing Workspace",
    "owner": "4b9ccd0b-b4b2-4d6b-8bd2-7a985c5ff6ec",
    "is_active": true,
    "created_at": "2026-07-19T16:11:19.491Z"
  }
},
{
  "model": "api.workspace",
  "pk": "f7f87cd6-7d2a-4593-86b7-6ad569584c09",
  "fields": {
    "name": "Abhay's Engineering Workspace",
    "owner": "abc5861b-fb53-4562-89e3-1a2ca6ad57df",
    "is_active": true,
    "created_at": "2026-07-19T16:11:56.843Z"
  }
},
{
  "model": "api.workspacemember",
  "pk": "2c4fb6d5-312a-4678-8393-5442e9f622ba",
  "fields": {
    "workspace": "92df54c1-f132-4ee2-9684-8225c10c53d3",
    "user": "73e0a8bc-24f7-4ea9-bcec-7fbb7bcc8362",
    "role": "admin",
    "joined_at": "2026-07-19T16:12:46.394Z"
  }
},
{
  "model": "api.workspacemember",
  "pk": "2f8ccad8-a0c6-4deb-84e7-dc0094ca7fa1",
  "fields": {
    "workspace": "985965aa-3945-4f11-abe5-c6897ec4ad75",
    "user": "71e3ddd8-39a9-484f-992a-3d825615a72c",
    "role": "admin",
    "joined_at": "2026-07-19T16:11:44.331Z"
  }
},
{
  "model": "api.workspacemember",
  "pk": "36d286d7-2fcd-4c6c-8ab7-80c716695c5f",
  "fields": {
    "workspace": "db033029-e7c3-4374-af79-5c905bea151b",
    "user": "4b9ccd0b-b4b2-4d6b-8bd2-7a985c5ff6ec",
    "role": "admin",
    "joined_at": "2026-07-19T16:11:21.557Z"
  }
},
{
  "model": "api.workspacemember",
  "pk": "37f2899c-e818-4083-ae23-f7260c8e23ec",
  "fields": {
    "workspace": "9ed81d6d-2152-42d7-921f-26e7ac7512bd",
    "user": "abc5861b-fb53-4562-89e3-1a2ca6ad57df",
    "role": "admin",
    "joined_at": "2026-07-19T16:12:05.074Z"
  }
},
{
  "model": "api.workspacemember",
  "pk": "458e8e17-2231-4fa4-8595-b6c4b3453e3a",
  "fields": {
    "workspace": "5b5a1946-8b7e-4e65-9300-9c4f9ca8bb3d",
    "user": "4b9ccd0b-b4b2-4d6b-8bd2-7a985c5ff6ec",
    "role": "admin",
    "joined_at": "2026-07-19T16:11:17.438Z"
  }
},
{
  "model": "api.workspacemember",
  "pk": "4bf367ec-e249-4d05-aa4a-262bf979c423",
  "fields": {
    "workspace": "4c1d444c-fbc1-4d4a-a7ac-6f946cd3fe24",
    "user": "cac625e2-8087-4b80-9aa4-d110667d94aa",
    "role": "admin",
    "joined_at": "2026-07-19T16:12:17.495Z"
  }
},
{
  "model": "api.workspacemember",
  "pk": "52f29890-39a7-460c-93a0-2909e8951bcc",
  "fields": {
    "workspace": "d388b16c-4cc4-4ad3-8679-9f4a7384a179",
    "user": "cac625e2-8087-4b80-9aa4-d110667d94aa",
    "role": "admin",
    "joined_at": "2026-07-19T16:12:21.628Z"
  }
},
{
  "model": "api.workspacemember",
  "pk": "62686ae3-7497-4618-887e-501bb794f3b4",
  "fields": {
    "workspace": "b16309ee-30bc-4553-a54f-a9230c51399e",
    "user": "71e3ddd8-39a9-484f-992a-3d825615a72c",
    "role": "admin",
    "joined_at": "2026-07-19T16:11:38.150Z"
  }
},
{
  "model": "api.workspacemember",
  "pk": "77d88213-50cb-4fe7-b2cb-1b5f0aca3b7c",
  "fields": {
    "workspace": "6318211e-35cc-474c-af1b-07519e807b36",
    "user": "cac625e2-8087-4b80-9aa4-d110667d94aa",
    "role": "admin",
    "joined_at": "2026-07-19T16:12:19.555Z"
  }
},
{
  "model": "api.workspacemember",
  "pk": "90b93e4f-187e-43b8-8f14-1b0afe8ee738",
  "fields": {
    "workspace": "0541315e-d723-43ff-b3fd-2f4daf0c35ae",
    "user": "73e0a8bc-24f7-4ea9-bcec-7fbb7bcc8362",
    "role": "admin",
    "joined_at": "2026-07-19T16:12:42.249Z"
  }
},
{
  "model": "api.workspacemember",
  "pk": "956899e1-f4af-4086-a69b-186e8cb1655d",
  "fields": {
    "workspace": "e14f63fe-1d02-4560-86ed-97c66205b6b1",
    "user": "73e0a8bc-24f7-4ea9-bcec-7fbb7bcc8362",
    "role": "admin",
    "joined_at": "2026-07-19T16:12:38.119Z"
  }
},
{
  "model": "api.workspacemember",
  "pk": "988e322e-a3ef-410a-b285-66e3e1c6e9ce",
  "fields": {
    "workspace": "1df59abc-6a4d-4d51-9a29-4beedfa8991c",
    "user": "abc5861b-fb53-4562-89e3-1a2ca6ad57df",
    "role": "admin",
    "joined_at": "2026-07-19T16:12:00.957Z"
  }
},
{
  "model": "api.workspacemember",
  "pk": "999c4d56-f0de-4746-886b-be78b8cf6a81",
  "fields": {
    "workspace": "49dd2c82-3b4c-45c9-856e-0b7b3c9d6964",
    "user": "abc5861b-fb53-4562-89e3-1a2ca6ad57df",
    "role": "admin",
    "joined_at": "2026-07-19T16:11:58.919Z"
  }
},
{
  "model": "api.workspacemember",
  "pk": "9a7614ad-fb29-4577-9026-a3f14f9907d6",
  "fields": {
    "workspace": "a373412c-aace-45b1-86b2-c309e6b5aaa2",
    "user": "71e3ddd8-39a9-484f-992a-3d825615a72c",
    "role": "admin",
    "joined_at": "2026-07-19T16:11:40.203Z"
  }
},
{
  "model": "api.workspacemember",
  "pk": "b3b13138-c175-4f90-9d60-2fb86fa1c6be",
  "fields": {
    "workspace": "b8eb5869-78ab-47db-89cd-1b9c57ca37eb",
    "user": "cac625e2-8087-4b80-9aa4-d110667d94aa",
    "role": "admin",
    "joined_at": "2026-07-19T16:12:25.744Z"
  }
},
{
  "model": "api.workspacemember",
  "pk": "b6fa8c22-b06a-40c9-9436-3bc3cc610e65",
  "fields": {
    "workspace": "101ae55e-5820-4cc2-a779-6bcd557187af",
    "user": "71e3ddd8-39a9-484f-992a-3d825615a72c",
    "role": "admin",
    "joined_at": "2026-07-19T16:11:36.083Z"
  }
},
{
  "model": "api.workspacemember",
  "pk": "cc1cd467-b602-4411-b3cf-2ee076e1ca67",
  "fields": {
    "workspace": "f7f87cd6-7d2a-4593-86b7-6ad569584c09",
    "user": "abc5861b-fb53-4562-89e3-1a2ca6ad57df",
    "role": "admin",
    "joined_at": "2026-07-19T16:11:56.845Z"
  }
},
{
  "model": "api.workspacemember",
  "pk": "d1cae19b-3466-4bd5-8995-3029776b4fe8",
  "fields": {
    "workspace": "da84b6e5-ecb0-405d-a314-232234c1ec9d",
    "user": "71e3ddd8-39a9-484f-992a-3d825615a72c",
    "role": "admin",
    "joined_at": "2026-07-19T16:11:42.271Z"
  }
},
{
  "model": "api.workspacemember",
  "pk": "d4d9edb5-d472-45a5-8faf-7fd1a8476e24",
  "fields": {
    "workspace": "4173b432-966b-4618-8ba8-94c047ad55a6",
    "user": "73e0a8bc-24f7-4ea9-bcec-7fbb7bcc8362",
    "role": "admin",
    "joined_at": "2026-07-19T16:12:40.179Z"
  }
},
{
  "model": "api.workspacemember",
  "pk": "d54d9d12-10ae-44eb-9ee6-c7cba00d3f28",
  "fields": {
    "workspace": "b322365e-fdb1-4fcb-b7b7-757ba9334bdd",
    "user": "4b9ccd0b-b4b2-4d6b-8bd2-7a985c5ff6ec",
    "role": "admin",
    "joined_at": "2026-07-19T16:11:15.374Z"
  }
},
{
  "model": "api.workspacemember",
  "pk": "e93a5268-8b30-4ea6-b7d5-4eb636fbe354",
  "fields": {
    "workspace": "e9c46608-affd-454f-851c-6d6dcfe7f6b9",
    "user": "4b9ccd0b-b4b2-4d6b-8bd2-7a985c5ff6ec",
    "role": "admin",
    "joined_at": "2026-07-19T16:11:19.492Z"
  }
},
{
  "model": "api.workspacemember",
  "pk": "ef842942-f829-4f7f-b8d8-bb7d73f9dc3b",
  "fields": {
    "workspace": "8257ba39-fc0a-4c0f-bda2-fed950d6805f",
    "user": "73e0a8bc-24f7-4ea9-bcec-7fbb7bcc8362",
    "role": "admin",
    "joined_at": "2026-07-19T16:12:44.328Z"
  }
},
{
  "model": "api.workspacemember",
  "pk": "f6267cb8-c6f9-4045-8f15-5463d11433ae",
  "fields": {
    "workspace": "87889338-4d49-4850-8afc-3e42e7c965d8",
    "user": "4b9ccd0b-b4b2-4d6b-8bd2-7a985c5ff6ec",
    "role": "admin",
    "joined_at": "2026-07-19T16:11:23.637Z"
  }
},
{
  "model": "api.workspacemember",
  "pk": "f9d459a8-38de-47ea-92d3-56b8b33380e7",
  "fields": {
    "workspace": "a38017aa-774b-47dc-bd02-6a1c1b63b593",
    "user": "cac625e2-8087-4b80-9aa4-d110667d94aa",
    "role": "admin",
    "joined_at": "2026-07-19T16:12:23.678Z"
  }
},
{
  "model": "api.workspacemember",
  "pk": "fcf210ec-02b5-48e8-88a2-9ecdcf06395f",
  "fields": {
    "workspace": "15ba973e-f99a-4e08-94da-9cf20e60307c",
    "user": "abc5861b-fb53-4562-89e3-1a2ca6ad57df",
    "role": "admin",
    "joined_at": "2026-07-19T16:12:03.019Z"
  }
},
{
  "model": "api.document",
  "pk": "002ca27f-0216-4f8a-aa5d-54a6288416ac",
  "fields": {
    "title": "Design Notes #2",
    "content": "Abhay drafted these design notes (doc 2).",
    "workspace": "49dd2c82-3b4c-45c9-856e-0b7b3c9d6964",
    "created_by": "abc5861b-fb53-4562-89e3-1a2ca6ad57df",
    "status": "draft",
    "updated_at": "2026-07-19T16:12:09.197Z"
  }
},
{
  "model": "api.document",
  "pk": "27d28387-c266-4229-a9cd-fe546b1e2418",
  "fields": {
    "title": "Research Notes #4",
    "content": "Swati drafted these research notes (doc 4).",
    "workspace": "a38017aa-774b-47dc-bd02-6a1c1b63b593",
    "created_by": "cac625e2-8087-4b80-9aa4-d110667d94aa",
    "status": "draft",
    "updated_at": "2026-07-19T16:12:34.013Z"
  }
},
{
  "model": "api.document",
  "pk": "31f22cc9-56c5-4446-8e43-10778cbc0252",
  "fields": {
    "title": "Engineering Notes #1",
    "content": "Nikhil drafted these engineering notes (doc 1).",
    "workspace": "b322365e-fdb1-4fcb-b7b7-757ba9334bdd",
    "created_by": "4b9ccd0b-b4b2-4d6b-8bd2-7a985c5ff6ec",
    "status": "published",
    "updated_at": "2026-07-19T16:11:25.697Z"
  }
},
{
  "model": "api.document",
  "pk": "394f9f37-2bf3-4ca7-ae3d-1d2c406829af",
  "fields": {
    "title": "Engineering Notes #1",
    "content": "Swati drafted these engineering notes (doc 1).",
    "workspace": "4c1d444c-fbc1-4d4a-a7ac-6f946cd3fe24",
    "created_by": "cac625e2-8087-4b80-9aa4-d110667d94aa",
    "status": "published",
    "updated_at": "2026-07-19T16:12:27.801Z"
  }
},
{
  "model": "api.document",
  "pk": "3b34e229-b8e8-4661-a0cd-09ced4380cbe",
  "fields": {
    "title": "Marketing Notes #3",
    "content": "Aman drafted these marketing notes (doc 3).",
    "workspace": "0541315e-d723-43ff-b3fd-2f4daf0c35ae",
    "created_by": "73e0a8bc-24f7-4ea9-bcec-7fbb7bcc8362",
    "status": "published",
    "updated_at": "2026-07-19T16:12:52.606Z"
  }
},
{
  "model": "api.document",
  "pk": "475d2b1a-89ba-476a-abc7-3d498edb7851",
  "fields": {
    "title": "Research Notes #4",
    "content": "Jackson drafted these research notes (doc 4).",
    "workspace": "da84b6e5-ecb0-405d-a314-232234c1ec9d",
    "created_by": "71e3ddd8-39a9-484f-992a-3d825615a72c",
    "status": "draft",
    "updated_at": "2026-07-19T16:11:52.651Z"
  }
},
{
  "model": "api.document",
  "pk": "477bf98f-f816-4ab4-ad08-f16782864c04",
  "fields": {
    "title": "Operations Notes #5",
    "content": "Aman drafted these operations notes (doc 5).",
    "workspace": "92df54c1-f132-4ee2-9684-8225c10c53d3",
    "created_by": "73e0a8bc-24f7-4ea9-bcec-7fbb7bcc8362",
    "status": "published",
    "updated_at": "2026-07-19T16:12:56.741Z"
  }
},
{
  "model": "api.document",
  "pk": "4a436a10-02be-4688-8d85-152523e63554",
  "fields": {
    "title": "Marketing Notes #3",
    "content": "Jackson drafted these marketing notes (doc 3).",
    "workspace": "a373412c-aace-45b1-86b2-c309e6b5aaa2",
    "created_by": "71e3ddd8-39a9-484f-992a-3d825615a72c",
    "status": "published",
    "updated_at": "2026-07-19T16:11:50.567Z"
  }
},
{
  "model": "api.document",
  "pk": "544dceb9-aa18-4080-9788-4f4fa2b7d67d",
  "fields": {
    "title": "Operations Notes #5",
    "content": "Abhay drafted these operations notes (doc 5).",
    "workspace": "9ed81d6d-2152-42d7-921f-26e7ac7512bd",
    "created_by": "abc5861b-fb53-4562-89e3-1a2ca6ad57df",
    "status": "published",
    "updated_at": "2026-07-19T16:12:15.420Z"
  }
},
{
  "model": "api.document",
  "pk": "54860b67-6523-4853-ae20-1648f236f44d",
  "fields": {
    "title": "Operations Notes #5",
    "content": "Nikhil drafted these operations notes (doc 5).",
    "workspace": "87889338-4d49-4850-8afc-3e42e7c965d8",
    "created_by": "4b9ccd0b-b4b2-4d6b-8bd2-7a985c5ff6ec",
    "status": "published",
    "updated_at": "2026-07-19T16:11:33.997Z"
  }
},
{
  "model": "api.document",
  "pk": "5526433e-251e-4c57-834d-625422727e16",
  "fields": {
    "title": "Design Notes #2",
    "content": "Nikhil drafted these design notes (doc 2).",
    "workspace": "5b5a1946-8b7e-4e65-9300-9c4f9ca8bb3d",
    "created_by": "4b9ccd0b-b4b2-4d6b-8bd2-7a985c5ff6ec",
    "status": "draft",
    "updated_at": "2026-07-19T16:11:27.786Z"
  }
},
{
  "model": "api.document",
  "pk": "570e6d02-776c-47fb-b948-164c6d86ab90",
  "fields": {
    "title": "Research Notes #4",
    "content": "Abhay drafted these research notes (doc 4).",
    "workspace": "15ba973e-f99a-4e08-94da-9cf20e60307c",
    "created_by": "abc5861b-fb53-4562-89e3-1a2ca6ad57df",
    "status": "draft",
    "updated_at": "2026-07-19T16:12:13.341Z"
  }
},
{
  "model": "api.document",
  "pk": "6774807d-2b66-4718-b196-410456129151",
  "fields": {
    "title": "Engineering Notes #1",
    "content": "Abhay drafted these engineering notes (doc 1).",
    "workspace": "f7f87cd6-7d2a-4593-86b7-6ad569584c09",
    "created_by": "abc5861b-fb53-4562-89e3-1a2ca6ad57df",
    "status": "published",
    "updated_at": "2026-07-19T16:12:07.128Z"
  }
},
{
  "model": "api.document",
  "pk": "7c634b2a-f548-4633-bb10-7f6ccf72817f",
  "fields": {
    "title": "Marketing Notes #3",
    "content": "Nikhil drafted these marketing notes (doc 3).",
    "workspace": "e9c46608-affd-454f-851c-6d6dcfe7f6b9",
    "created_by": "4b9ccd0b-b4b2-4d6b-8bd2-7a985c5ff6ec",
    "status": "published",
    "updated_at": "2026-07-19T16:11:29.868Z"
  }
},
{
  "model": "api.document",
  "pk": "837d3959-3d5f-439a-8c50-b5ec26f4324a",
  "fields": {
    "title": "Engineering Notes #1",
    "content": "Aman drafted these engineering notes (doc 1).",
    "workspace": "e14f63fe-1d02-4560-86ed-97c66205b6b1",
    "created_by": "73e0a8bc-24f7-4ea9-bcec-7fbb7bcc8362",
    "status": "published",
    "updated_at": "2026-07-19T16:12:48.478Z"
  }
},
{
  "model": "api.document",
  "pk": "932380fc-dd93-4f25-9e40-ba2d87f9a3ca",
  "fields": {
    "title": "Design Notes #2",
    "content": "Swati drafted these design notes (doc 2).",
    "workspace": "6318211e-35cc-474c-af1b-07519e807b36",
    "created_by": "cac625e2-8087-4b80-9aa4-d110667d94aa",
    "status": "draft",
    "updated_at": "2026-07-19T16:12:29.879Z"
  }
},
{
  "model": "api.document",
  "pk": "94c78202-fe24-4ac4-aea6-63ea3fa7a869",
  "fields": {
    "title": "Marketing Notes #3",
    "content": "Abhay drafted these marketing notes (doc 3).",
    "workspace": "1df59abc-6a4d-4d51-9a29-4beedfa8991c",
    "created_by": "abc5861b-fb53-4562-89e3-1a2ca6ad57df",
    "status": "published",
    "updated_at": "2026-07-19T16:12:11.258Z"
  }
},
{
  "model": "api.document",
  "pk": "9c716331-fed1-4df4-aa7a-87924a7e67d1",
  "fields": {
    "title": "Operations Notes #5",
    "content": "Swati drafted these operations notes (doc 5).",
    "workspace": "b8eb5869-78ab-47db-89cd-1b9c57ca37eb",
    "created_by": "cac625e2-8087-4b80-9aa4-d110667d94aa",
    "status": "published",
    "updated_at": "2026-07-19T16:12:36.055Z"
  }
},
{
  "model": "api.document",
  "pk": "ae2be8df-3259-4abb-98ab-c6c4b378c836",
  "fields": {
    "title": "Research Notes #4",
    "content": "Nikhil drafted these research notes (doc 4).",
    "workspace": "db033029-e7c3-4374-af79-5c905bea151b",
    "created_by": "4b9ccd0b-b4b2-4d6b-8bd2-7a985c5ff6ec",
    "status": "draft",
    "updated_at": "2026-07-19T16:11:31.934Z"
  }
},
{
  "model": "api.document",
  "pk": "d1039134-d1f1-4c94-a68b-5881b951340d",
  "fields": {
    "title": "Design Notes #2",
    "content": "Jackson drafted these design notes (doc 2).",
    "workspace": "b16309ee-30bc-4553-a54f-a9230c51399e",
    "created_by": "71e3ddd8-39a9-484f-992a-3d825615a72c",
    "status": "draft",
    "updated_at": "2026-07-19T16:11:48.497Z"
  }
},
{
  "model": "api.document",
  "pk": "d45227dc-d595-41b0-9372-10a9392992b5",
  "fields": {
    "title": "Operations Notes #5",
    "content": "Jackson drafted these operations notes (doc 5).",
    "workspace": "985965aa-3945-4f11-abe5-c6897ec4ad75",
    "created_by": "71e3ddd8-39a9-484f-992a-3d825615a72c",
    "status": "published",
    "updated_at": "2026-07-19T16:11:54.739Z"
  }
},
{
  "model": "api.document",
  "pk": "e5c21cf9-a447-41a2-81f9-00d24c973b3f",
  "fields": {
    "title": "Engineering Notes #1",
    "content": "Jackson drafted these engineering notes (doc 1).",
    "workspace": "101ae55e-5820-4cc2-a779-6bcd557187af",
    "created_by": "71e3ddd8-39a9-484f-992a-3d825615a72c",
    "status": "published",
    "updated_at": "2026-07-19T16:11:46.401Z"
  }
},
{
  "model": "api.document",
  "pk": "ee0391ec-b441-456e-9b94-ee4d526f2e82",
  "fields": {
    "title": "Design Notes #2",
    "content": "Aman drafted these design notes (doc 2).",
    "workspace": "4173b432-966b-4618-8ba8-94c047ad55a6",
    "created_by": "73e0a8bc-24f7-4ea9-bcec-7fbb7bcc8362",
    "status": "draft",
    "updated_at": "2026-07-19T16:12:50.541Z"
  }
},
{
  "model": "api.document",
  "pk": "f31bad63-c523-4b00-90ea-6f7d5bc59304",
  "fields": {
    "title": "Research Notes #4",
    "content": "Aman drafted these research notes (doc 4).",
    "workspace": "8257ba39-fc0a-4c0f-bda2-fed950d6805f",
    "created_by": "73e0a8bc-24f7-4ea9-bcec-7fbb7bcc8362",
    "status": "draft",
    "updated_at": "2026-07-19T16:12:54.684Z"
  }
},
{
  "model": "api.document",
  "pk": "ff0ad066-b7f9-4b19-bcaa-4e64e5203711",
  "fields": {
    "title": "Marketing Notes #3",
    "content": "Swati drafted these marketing notes (doc 3).",
    "workspace": "d388b16c-4cc4-4ad3-8679-9f4a7384a179",
    "created_by": "cac625e2-8087-4b80-9aa4-d110667d94aa",
    "status": "published",
    "updated_at": "2026-07-19T16:12:31.943Z"
  }
},
{
  "model": "api.documentversion",
  "pk": "07356c22-aa38-4a29-8e28-1acacd43226d",
  "fields": {
    "document": "f31bad63-c523-4b00-90ea-6f7d5bc59304",
    "content": "Aman drafted these research notes (doc 4).",
    "version_number": 1,
    "saved_by": "73e0a8bc-24f7-4ea9-bcec-7fbb7bcc8362",
    "saved_at": "2026-07-19T16:12:54.691Z"
  }
},
{
  "model": "api.documentversion",
  "pk": "07903d87-a77f-4f77-b226-65a44d9ee75c",
  "fields": {
    "document": "544dceb9-aa18-4080-9788-4f4fa2b7d67d",
    "content": "Abhay drafted these operations notes (doc 5).",
    "version_number": 1,
    "saved_by": "abc5861b-fb53-4562-89e3-1a2ca6ad57df",
    "saved_at": "2026-07-19T16:12:15.425Z"
  }
},
{
  "model": "api.documentversion",
  "pk": "0d345476-caca-4383-b371-4fbb86f8488c",
  "fields": {
    "document": "ee0391ec-b441-456e-9b94-ee4d526f2e82",
    "content": "Aman drafted these design notes (doc 2).",
    "version_number": 1,
    "saved_by": "73e0a8bc-24f7-4ea9-bcec-7fbb7bcc8362",
    "saved_at": "2026-07-19T16:12:50.545Z"
  }
},
{
  "model": "api.documentversion",
  "pk": "1eaf186f-5fa0-4e6a-a9b7-200376d5df95",
  "fields": {
    "document": "4a436a10-02be-4688-8d85-152523e63554",
    "content": "Jackson drafted these marketing notes (doc 3).",
    "version_number": 1,
    "saved_by": "71e3ddd8-39a9-484f-992a-3d825615a72c",
    "saved_at": "2026-07-19T16:11:50.571Z"
  }
},
{
  "model": "api.documentversion",
  "pk": "1efa3859-605e-430d-a696-0493c0b89270",
  "fields": {
    "document": "932380fc-dd93-4f25-9e40-ba2d87f9a3ca",
    "content": "Swati drafted these design notes (doc 2).",
    "version_number": 1,
    "saved_by": "cac625e2-8087-4b80-9aa4-d110667d94aa",
    "saved_at": "2026-07-19T16:12:29.884Z"
  }
},
{
  "model": "api.documentversion",
  "pk": "2f269e26-eae4-48d2-aa07-dbf5e6aa2be6",
  "fields": {
    "document": "27d28387-c266-4229-a9cd-fe546b1e2418",
    "content": "Swati drafted these research notes (doc 4).",
    "version_number": 1,
    "saved_by": "cac625e2-8087-4b80-9aa4-d110667d94aa",
    "saved_at": "2026-07-19T16:12:34.017Z"
  }
},
{
  "model": "api.documentversion",
  "pk": "41fa7d89-5872-4e92-9195-699b6966e612",
  "fields": {
    "document": "d45227dc-d595-41b0-9372-10a9392992b5",
    "content": "Jackson drafted these operations notes (doc 5).",
    "version_number": 1,
    "saved_by": "71e3ddd8-39a9-484f-992a-3d825615a72c",
    "saved_at": "2026-07-19T16:11:54.742Z"
  }
},
{
  "model": "api.documentversion",
  "pk": "4e6122fa-b69a-4576-9ab8-66c6c3de174d",
  "fields": {
    "document": "ae2be8df-3259-4abb-98ab-c6c4b378c836",
    "content": "Nikhil drafted these research notes (doc 4).",
    "version_number": 1,
    "saved_by": "4b9ccd0b-b4b2-4d6b-8bd2-7a985c5ff6ec",
    "saved_at": "2026-07-19T16:11:31.938Z"
  }
},
{
  "model": "api.documentversion",
  "pk": "59ac1145-3bce-4c09-a9d9-5857a490d111",
  "fields": {
    "document": "d1039134-d1f1-4c94-a68b-5881b951340d",
    "content": "Jackson drafted these design notes (doc 2).",
    "version_number": 1,
    "saved_by": "71e3ddd8-39a9-484f-992a-3d825615a72c",
    "saved_at": "2026-07-19T16:11:48.501Z"
  }
},
{
  "model": "api.documentversion",
  "pk": "5ac20a1c-01ad-47b9-af56-738f434feab5",
  "fields": {
    "document": "6774807d-2b66-4718-b196-410456129151",
    "content": "Abhay drafted these engineering notes (doc 1).",
    "version_number": 1,
    "saved_by": "abc5861b-fb53-4562-89e3-1a2ca6ad57df",
    "saved_at": "2026-07-19T16:12:07.133Z"
  }
},
{
  "model": "api.documentversion",
  "pk": "6cd2368e-64fb-4911-87b0-24c51ffbeffc",
  "fields": {
    "document": "3b34e229-b8e8-4661-a0cd-09ced4380cbe",
    "content": "Aman drafted these marketing notes (doc 3).",
    "version_number": 1,
    "saved_by": "73e0a8bc-24f7-4ea9-bcec-7fbb7bcc8362",
    "saved_at": "2026-07-19T16:12:52.610Z"
  }
},
{
  "model": "api.documentversion",
  "pk": "7662a92c-ecc7-424c-a6f1-e3169e8d2c94",
  "fields": {
    "document": "7c634b2a-f548-4633-bb10-7f6ccf72817f",
    "content": "Nikhil drafted these marketing notes (doc 3).",
    "version_number": 1,
    "saved_by": "4b9ccd0b-b4b2-4d6b-8bd2-7a985c5ff6ec",
    "saved_at": "2026-07-19T16:11:29.872Z"
  }
},
{
  "model": "api.documentversion",
  "pk": "8731f93f-8c9b-4764-b1e6-a536467909bb",
  "fields": {
    "document": "570e6d02-776c-47fb-b948-164c6d86ab90",
    "content": "Abhay drafted these research notes (doc 4).",
    "version_number": 1,
    "saved_by": "abc5861b-fb53-4562-89e3-1a2ca6ad57df",
    "saved_at": "2026-07-19T16:12:13.345Z"
  }
},
{
  "model": "api.documentversion",
  "pk": "8adb3e30-09a2-4b7d-acd5-b723f02f6025",
  "fields": {
    "document": "002ca27f-0216-4f8a-aa5d-54a6288416ac",
    "content": "Abhay drafted these design notes (doc 2).",
    "version_number": 1,
    "saved_by": "abc5861b-fb53-4562-89e3-1a2ca6ad57df",
    "saved_at": "2026-07-19T16:12:09.200Z"
  }
},
{
  "model": "api.documentversion",
  "pk": "8bd5984a-2532-4b85-aabe-a73456b0eb1b",
  "fields": {
    "document": "e5c21cf9-a447-41a2-81f9-00d24c973b3f",
    "content": "Jackson drafted these engineering notes (doc 1).",
    "version_number": 1,
    "saved_by": "71e3ddd8-39a9-484f-992a-3d825615a72c",
    "saved_at": "2026-07-19T16:11:46.409Z"
  }
},
{
  "model": "api.documentversion",
  "pk": "8de98fcc-d9a6-46e8-920c-c6e27c7d3610",
  "fields": {
    "document": "477bf98f-f816-4ab4-ad08-f16782864c04",
    "content": "Aman drafted these operations notes (doc 5).",
    "version_number": 1,
    "saved_by": "73e0a8bc-24f7-4ea9-bcec-7fbb7bcc8362",
    "saved_at": "2026-07-19T16:12:56.746Z"
  }
},
{
  "model": "api.documentversion",
  "pk": "900d21d4-2697-449f-b100-952be6ca65c0",
  "fields": {
    "document": "9c716331-fed1-4df4-aa7a-87924a7e67d1",
    "content": "Swati drafted these operations notes (doc 5).",
    "version_number": 1,
    "saved_by": "cac625e2-8087-4b80-9aa4-d110667d94aa",
    "saved_at": "2026-07-19T16:12:36.059Z"
  }
},
{
  "model": "api.documentversion",
  "pk": "9b209c4b-897e-49de-869c-7dfd453d5ef3",
  "fields": {
    "document": "5526433e-251e-4c57-834d-625422727e16",
    "content": "Nikhil drafted these design notes (doc 2).",
    "version_number": 1,
    "saved_by": "4b9ccd0b-b4b2-4d6b-8bd2-7a985c5ff6ec",
    "saved_at": "2026-07-19T16:11:27.790Z"
  }
},
{
  "model": "api.documentversion",
  "pk": "a47cfc2f-07f1-4a29-92b3-f5e9cbc14b34",
  "fields": {
    "document": "54860b67-6523-4853-ae20-1648f236f44d",
    "content": "Nikhil drafted these operations notes (doc 5).",
    "version_number": 1,
    "saved_by": "4b9ccd0b-b4b2-4d6b-8bd2-7a985c5ff6ec",
    "saved_at": "2026-07-19T16:11:34.000Z"
  }
},
{
  "model": "api.documentversion",
  "pk": "aa09cb6e-8560-4c77-a13d-779108995f95",
  "fields": {
    "document": "475d2b1a-89ba-476a-abc7-3d498edb7851",
    "content": "Jackson drafted these research notes (doc 4).",
    "version_number": 1,
    "saved_by": "71e3ddd8-39a9-484f-992a-3d825615a72c",
    "saved_at": "2026-07-19T16:11:52.656Z"
  }
},
{
  "model": "api.documentversion",
  "pk": "ae4f508c-9e9c-41b1-96ac-9375ebc4dcf3",
  "fields": {
    "document": "94c78202-fe24-4ac4-aea6-63ea3fa7a869",
    "content": "Abhay drafted these marketing notes (doc 3).",
    "version_number": 1,
    "saved_by": "abc5861b-fb53-4562-89e3-1a2ca6ad57df",
    "saved_at": "2026-07-19T16:12:11.263Z"
  }
},
{
  "model": "api.documentversion",
  "pk": "ce6678b8-0066-423c-a154-5abf644b24c9",
  "fields": {
    "document": "ff0ad066-b7f9-4b19-bcaa-4e64e5203711",
    "content": "Swati drafted these marketing notes (doc 3).",
    "version_number": 1,
    "saved_by": "cac625e2-8087-4b80-9aa4-d110667d94aa",
    "saved_at": "2026-07-19T16:12:31.947Z"
  }
},
{
  "model": "api.documentversion",
  "pk": "df1d8c18-addb-4296-9492-b7a4b3cc4388",
  "fields": {
    "document": "394f9f37-2bf3-4ca7-ae3d-1d2c406829af",
    "content": "Swati drafted these engineering notes (doc 1).",
    "version_number": 1,
    "saved_by": "cac625e2-8087-4b80-9aa4-d110667d94aa",
    "saved_at": "2026-07-19T16:12:27.807Z"
  }
},
{
  "model": "api.documentversion",
  "pk": "e39e8dca-8049-4268-8f28-5571be8496cf",
  "fields": {
    "document": "31f22cc9-56c5-4446-8e43-10778cbc0252",
    "content": "Nikhil drafted these engineering notes (doc 1).",
    "version_number": 1,
    "saved_by": "4b9ccd0b-b4b2-4d6b-8bd2-7a985c5ff6ec",
    "saved_at": "2026-07-19T16:11:25.702Z"
  }
},
{
  "model": "api.documentversion",
  "pk": "fb444556-9fea-4a65-9009-07326c8735b3",
  "fields": {
    "document": "837d3959-3d5f-439a-8c50-b5ec26f4324a",
    "content": "Aman drafted these engineering notes (doc 1).",
    "version_number": 1,
    "saved_by": "73e0a8bc-24f7-4ea9-bcec-7fbb7bcc8362",
    "saved_at": "2026-07-19T16:12:48.484Z"
  }
},
{
  "model": "api.tag",
  "pk": "02f1d2b3-b16c-4bc1-a481-ee53676fcd41",
  "fields": {
    "name": "planning",
    "documents": []
  }
},
{
  "model": "api.tag",
  "pk": "45d7187e-aa4e-4c69-8c25-bd98aac0c9cc",
  "fields": {
    "name": "roadmap",
    "documents": []
  }
}
]
